ConvertedComp,JobSat,UndergradMajor
63975.9725166863,3.800942285041225,CS
65045.863753213365,3.8637532133676094,Engineering
60552.29918032787,3.8565573770491803,IT
60317.147572815535,3.8601941747572814,Other
66346.17002881844,3.729106628242075,PureMaths
75345.73076923077,3.8461538461538463,SGA
