ConvertedComp,Python,SQL,R,C,Swift,Kotlin,YearsCodePro,JobSat
63026,0.5189003436426117,0.6666666666666666,0.21305841924398625,0.27491408934707906,0.037800687285223365,0.06872852233676977,10.515463917525773,1
60131,0.5710306406685237,0.7172701949860725,0.2214484679665738,0.28133704735376047,0.03203342618384401,0.0403899721448468,9.382441258653131,2
60608,0.5526881720430108,0.6881720430107527,0.24516129032258063,0.3139784946236559,0.03655913978494624,0.047311827956989246,9.34042209381364,3
60928,0.5963356973995272,0.6767139479905437,0.23995271867612294,0.26832151300236406,0.03605200945626478,0.03900709219858156,8.840414105453837,4
66026,0.6153028692879915,0.6540913921360255,0.24760892667375134,0.2948990435706695,0.03772582359192349,0.05047821466524974,9.07636044970942,5
